max_latency,mean_latency,average_hop_count,link_churn
0.1920429289243104,0.09740029567900178,17.014718614718614,0
