max_latency,mean_latency,average_hop_count,link_churn
0.32259465936126486,0.17038623426533817,23.433986102337336,0
