max_latency,mean_latency,average_hop_count,link_churn
0.1840798119230394,0.09323945667728285,23.51484523057484,0
