max_latency,mean_latency,average_hop_count,link_churn
0.1842787687803511,0.09329313564756123,23.514845230574856,0
