max_latency,mean_latency,average_hop_count,link_churn
0.12421545861352648,0.059507479040031286,15.362501075186152,7521
