max_latency,mean_latency,average_hop_count,link_churn
0.14136058715830163,0.06679066816663982,15.56690333887565,0
