max_latency,mean_latency,average_hop_count,link_churn
0.19796107788006498,0.09527271268495313,7.977533577533565,0
