max_latency,mean_latency,average_hop_count,link_churn
0.1777746261816135,0.08677063043730385,7.82825218520456,5252
