max_latency,mean_latency,average_hop_count,link_churn
0.14929000094758418,0.07976903375422309,10.0,0
