max_latency,mean_latency,average_hop_count,link_churn
0.1660699623260466,0.0809381379604382,18.53854639254199,0
