max_latency,mean_latency,average_hop_count,link_churn
0.15905409017118224,0.07446090055687103,18.281538980738826,18553
