alpha,beta,gamma,mean_latency,average_hop_count,link_churn
0.3745401188473625,0.9507143064099162,0.7319939418114051,0.04478569104460474,14.64382330472296,0
