max_latency,mean_latency,average_hop_count,link_churn
0.11689942317668486,0.06263151245805107,17.014718614718614,0
