max_latency,mean_latency,average_hop_count,link_churn
0.11669029595587316,0.06258187427101432,17.014718614718575,0
